TickerA,TickerB,Correlation
AAPL,AAPL,1.0
MSFT,AAPL,0.5838102446605682
GOOGL,AAPL,0.543177203238695
NVDA,AAPL,0.4943129310330354
JPM,AAPL,0.3314647144795176
BAC,AAPL,0.336538863557133
GS,AAPL,0.3821780227690193
JNJ,AAPL,0.1362220821548622
UNH,AAPL,0.1029173692225356
PFE,AAPL,0.1960036585595283
AMZN,AAPL,0.5409239922094646
WMT,AAPL,0.2623913989151966
PG,AAPL,0.2379086019648991
XOM,AAPL,0.1548991413204457
CVX,AAPL,0.1979216438144926
AAPL,MSFT,0.5838102446605682
MSFT,MSFT,1.0
GOOGL,MSFT,0.5745208788852658
NVDA,MSFT,0.5877056455453775
JPM,MSFT,0.2749942283084349
BAC,MSFT,0.2714501249161788
GS,MSFT,0.3261711446139423
JNJ,MSFT,0.0390126010409692
UNH,MSFT,0.1302025797640492
PFE,MSFT,0.1327238363329902
AMZN,MSFT,0.6192754214843688
WMT,MSFT,0.1867601927231573
PG,MSFT,0.1504659769971482
XOM,MSFT,0.0539220154571292
CVX,MSFT,0.1153187102466913
AAPL,GOOGL,0.543177203238695
MSFT,GOOGL,0.5745208788852658
GOOGL,GOOGL,1.0
NVDA,GOOGL,0.5082868861998074
JPM,GOOGL,0.3119406463305907
BAC,GOOGL,0.3036307000238356
GS,GOOGL,0.3705249648289695
JNJ,GOOGL,0.0611341632969996
UNH,GOOGL,0.1112613103467953
PFE,GOOGL,0.1093498165443874
AMZN,GOOGL,0.6133375409900228
WMT,GOOGL,0.1801046107982186
PG,GOOGL,0.1192047754205097
XOM,GOOGL,0.0711198608244563
CVX,GOOGL,0.1253395029503479
AAPL,NVDA,0.4943129310330354
MSFT,NVDA,0.5877056455453775
GOOGL,NVDA,0.5082868861998074
NVDA,NVDA,1.0
JPM,NVDA,0.3020250948100408
BAC,NVDA,0.2655697194084391
GS,NVDA,0.3886545663794748
JNJ,NVDA,-0.1054551181744936
UNH,NVDA,0.058985674071197
PFE,NVDA,0.0273192576108102
AMZN,NVDA,0.5373584470015941
WMT,NVDA,0.1032410143357787
PG,NVDA,-0.0110386540516176
XOM,NVDA,0.061895010656373
CVX,NVDA,0.1144244227254267
AAPL,JPM,0.3314647144795176
MSFT,JPM,0.2749942283084349
GOOGL,JPM,0.3119406463305907
NVDA,JPM,0.3020250948100408
JPM,JPM,1.0
BAC,JPM,0.8126401542160299
GS,JPM,0.7564178823953771
JNJ,JPM,0.1762829311580861
UNH,JPM,0.1719738468004906
PFE,JPM,0.186288264877979
AMZN,JPM,0.328945612134209
WMT,JPM,0.1942389920565491
PG,JPM,0.1683167401110478
XOM,JPM,0.3124460703493402
CVX,JPM,0.3542562633572017
AAPL,BAC,0.336538863557133
MSFT,BAC,0.2714501249161788
GOOGL,BAC,0.3036307000238356
NVDA,BAC,0.2655697194084391
JPM,BAC,0.8126401542160299
BAC,BAC,1.0
GS,BAC,0.7346079087643784
JNJ,BAC,0.1531165606449367
UNH,BAC,0.1606834138875331
PFE,BAC,0.1807419568487049
AMZN,BAC,0.3315602931827383
WMT,BAC,0.1992380423890933
PG,BAC,0.1677416288901344
XOM,BAC,0.3519881050530606
CVX,BAC,0.3880954767826086
AAPL,GS,0.3821780227690193
MSFT,GS,0.3261711446139423
GOOGL,GS,0.3705249648289695
NVDA,GS,0.3886545663794748
JPM,GS,0.7564178823953771
BAC,GS,0.7346079087643784
GS,GS,1.0
JNJ,GS,0.1082870203100622
UNH,GS,0.1328295011839829
PFE,GS,0.1738922384267674
AMZN,GS,0.389171128271006
WMT,GS,0.1811699669292353
PG,GS,0.0852484414242797
XOM,GS,0.2826354979326501
CVX,GS,0.3184028574518248
AAPL,JNJ,0.1362220821548622
MSFT,JNJ,0.0390126010409692
GOOGL,JNJ,0.0611341632969996
NVDA,JNJ,-0.1054551181744936
JPM,JNJ,0.1762829311580861
BAC,JNJ,0.1531165606449367
GS,JNJ,0.1082870203100622
JNJ,JNJ,1.0
UNH,JNJ,0.2109531276522303
PFE,JNJ,0.4087256569717223
AMZN,JNJ,0.0007044456956455
WMT,JNJ,0.2522476707679241
PG,JNJ,0.4498526321632959
XOM,JNJ,0.1295963815917017
CVX,JNJ,0.1510746255116178
AAPL,UNH,0.1029173692225356
MSFT,UNH,0.1302025797640492
GOOGL,UNH,0.1112613103467953
NVDA,UNH,0.058985674071197
JPM,UNH,0.1719738468004906
BAC,UNH,0.1606834138875331
GS,UNH,0.1328295011839829
JNJ,UNH,0.2109531276522303
UNH,UNH,1.0
PFE,UNH,0.1611772599778748
AMZN,UNH,0.0820913462224001
WMT,UNH,0.1306518923821471
PG,UNH,0.2068685824452053
XOM,UNH,0.08605615534957
CVX,UNH,0.1202218348740504
AAPL,PFE,0.1960036585595283
MSFT,PFE,0.1327238363329902
GOOGL,PFE,0.1093498165443874
NVDA,PFE,0.0273192576108102
JPM,PFE,0.186288264877979
BAC,PFE,0.1807419568487049
GS,PFE,0.1738922384267674
JNJ,PFE,0.4087256569717223
UNH,PFE,0.1611772599778748
PFE,PFE,1.0
AMZN,PFE,0.1048074827906557
WMT,PFE,0.1387891833139546
PG,PFE,0.2662586129099192
XOM,PFE,0.1220054705811047
CVX,PFE,0.1602800104894952
AAPL,AMZN,0.5409239922094646
MSFT,AMZN,0.6192754214843688
GOOGL,AMZN,0.6133375409900228
NVDA,AMZN,0.5373584470015941
JPM,AMZN,0.328945612134209
BAC,AMZN,0.3315602931827383
GS,AMZN,0.389171128271006
JNJ,AMZN,0.0007044456956455
UNH,AMZN,0.0820913462224001
PFE,AMZN,0.1048074827906557
AMZN,AMZN,1.0
WMT,AMZN,0.207645977811189
PG,AMZN,0.0895039439972061
XOM,AMZN,0.0786611363226386
CVX,AMZN,0.1364357387139596
AAPL,WMT,0.2623913989151966
MSFT,WMT,0.1867601927231573
GOOGL,WMT,0.1801046107982186
NVDA,WMT,0.1032410143357787
JPM,WMT,0.1942389920565491
BAC,WMT,0.1992380423890933
GS,WMT,0.1811699669292353
JNJ,WMT,0.2522476707679241
UNH,WMT,0.1306518923821471
PFE,WMT,0.1387891833139546
AMZN,WMT,0.207645977811189
WMT,WMT,1.0
PG,WMT,0.3575479509328808
XOM,WMT,0.1238852005888452
CVX,WMT,0.1382250182039999
AAPL,PG,0.2379086019648991
MSFT,PG,0.1504659769971482
GOOGL,PG,0.1192047754205097
NVDA,PG,-0.0110386540516176
JPM,PG,0.1683167401110478
BAC,PG,0.1677416288901344
GS,PG,0.0852484414242797
JNJ,PG,0.4498526321632959
UNH,PG,0.2068685824452053
PFE,PG,0.2662586129099192
AMZN,PG,0.0895039439972061
WMT,PG,0.3575479509328808
PG,PG,1.0
XOM,PG,0.0546015422213733
CVX,PG,0.0452484897251058
AAPL,XOM,0.1548991413204457
MSFT,XOM,0.0539220154571292
GOOGL,XOM,0.0711198608244563
NVDA,XOM,0.061895010656373
JPM,XOM,0.3124460703493402
BAC,XOM,0.3519881050530606
GS,XOM,0.2826354979326501
JNJ,XOM,0.1295963815917017
UNH,XOM,0.08605615534957
PFE,XOM,0.1220054705811047
AMZN,XOM,0.0786611363226386
WMT,XOM,0.1238852005888452
PG,XOM,0.0546015422213733
XOM,XOM,1.0
CVX,XOM,0.8555762323448194
AAPL,CVX,0.1979216438144926
MSFT,CVX,0.1153187102466913
GOOGL,CVX,0.1253395029503479
NVDA,CVX,0.1144244227254267
JPM,CVX,0.3542562633572017
BAC,CVX,0.3880954767826086
GS,CVX,0.3184028574518248
JNJ,CVX,0.1510746255116178
UNH,CVX,0.1202218348740504
PFE,CVX,0.1602800104894952
AMZN,CVX,0.1364357387139596
WMT,CVX,0.1382250182039999
PG,CVX,0.0452484897251058
XOM,CVX,0.8555762323448194
CVX,CVX,1.0
