Date,PortfolioCumReturn,BenchmarkCumReturn
2021-01-05,1.0116003912498628,1.0070825951575493
2021-01-06,1.0201862972126672,1.012832878409897
2021-01-07,1.0379928995393,1.0278708171376676
2021-01-08,1.0401049176780557,1.0335157425235828
2021-01-11,1.0423532504175614,1.026741304281567
2021-01-12,1.0454311206761189,1.0271682114535678
2021-01-13,1.047435676099496,1.0295056783074026
2021-01-14,1.0483057138360825,1.0256414789895834
2021-01-15,1.0323670912941738,1.0182670880629474
2021-01-19,1.0384018250668132,1.0265520955395957
2021-01-20,1.0499655599607238,1.0408577410191493
2021-01-21,1.0500024862668993,1.0411874049255765
2021-01-22,1.0480565670404351,1.0380527939890207
2021-01-25,1.0498428811067886,1.0418062257065015
2021-01-26,1.0491499369835755,1.0402551494399412
2021-01-27,1.023228628353536,1.013543598694856
2021-01-28,1.0317536528281572,1.0234364186717102
2021-01-29,1.0112069954649814,1.00367235168126
2021-02-01,1.02383974489384,1.0197830670314856
2021-02-02,1.03619811463834,1.0339562400027134
2021-02-03,1.046308851756419,1.0349992630886868
2021-02-04,1.0546651545549883,1.0462324435992365
2021-02-05,1.0591592295516266,1.0503101294892387
2021-02-08,1.0721023998863013,1.0580817400237588
2021-02-09,1.070866824128314,1.0569035395625064
2021-02-10,1.0751802051578518,1.0565387123856922
2021-02-11,1.073354843139105,1.058295160623577
2021-02-12,1.0768624705464611,1.0632808241690033
2021-02-16,1.0853167493743614,1.062675527722842
2021-02-17,1.0897440094528064,1.062335044348604
2021-02-18,1.0814827297386125,1.0576439474115822
2021-02-19,1.080020210258373,1.0556821272023733
2021-02-22,1.0769149708146242,1.047518706793875
2021-02-23,1.078078629514177,1.0488347235249944
2021-02-24,1.0905156664583546,1.0607406902107976
2021-02-25,1.0693592753264116,1.034775023021058
2021-02-26,1.0596049969335577,1.0298596200440415
2021-03-01,1.0813559718705104,1.0543607667097126
2021-03-02,1.0731619469141631,1.0458406337252588
2021-03-03,1.0660976256062742,1.0321754479622534
2021-03-04,1.061912089667181,1.0183265291635468
2021-03-05,1.0814838852968414,1.0381797907910773
2021-03-08,1.072396165028756,1.0326159454413837
2021-03-09,1.0834532332431506,1.0472322547863293
2021-03-10,1.0950967926064326,1.0535473934252746
2021-03-11,1.1032124071933802,1.0644995316621844
2021-03-12,1.1072320794745758,1.065580422885498
2021-03-15,1.107360739056836,1.0724980871312866
2021-03-16,1.1073969060842348,1.0708146043287647
2021-03-17,1.1088659965712486,1.0738978887655803
2021-03-18,1.0952862580682017,1.058046576753372
2021-03-19,1.0938326113201722,1.0574088878761412
2021-03-22,1.0976379304395596,1.06483731016947
2021-03-23,1.0940329952757966,1.0567116919259472
2021-03-24,1.0925294022766576,1.050934294031706
2021-03-25,1.0944304398232123,1.0564414691201187
2021-03-26,1.1091560019099234,1.074011361232872
2021-03-29,1.111594590255777,1.0730791057472366
2021-03-30,1.106513013835723,1.0696905012065698
2021-03-31,1.1084162208642503,1.073565454019836
2021-04-01,1.1204238603502408,1.0862605821322309
2021-04-05,1.1320733015094504,1.101944258365726
2021-04-06,1.1287201560193485,1.100871481743271
2021-04-07,1.136752713744413,1.1024955234451943
2021-04-08,1.139749628250118,1.107148752244876
2021-04-09,1.148140381956564,1.115695867926494
2021-04-12,1.1508611789641894,1.1154771035651347
2021-04-13,1.1517751371879303,1.1191520281686178
2021-04-14,1.151546649096091,1.1145772405105694
2021-04-15,1.16441414131356,1.126942572771808
2021-04-16,1.1687210976715197,1.1310095051663631
2021-04-19,1.1651469372429055,1.125007735259763
2021-04-20,1.1569015091225885,1.1173550728988046
2021-04-21,1.165391551047278,1.1277532411892932
2021-04-22,1.1485772825646772,1.1173658923666163
2021-04-23,1.1622307822280409,1.129577245128635
2021-04-26,1.1631760463570522,1.1315904578099485
2021-04-27,1.1651295709929357,1.131347283673649
2021-04-28,1.1705779674926715,1.130390684385438
2021-04-29,1.1822816648251548,1.1380352981179025
2021-04-30,1.169619444533948,1.1298474679344634
2021-05-03,1.1784362632783358,1.1329523913069022
2021-05-04,1.1731272654630214,1.1253861527437063
2021-05-05,1.179942022315298,1.1261778211201567
2021-05-06,1.1909224765330817,1.1353735770915463
2021-05-07,1.1986493975209889,1.1437450743383215
2021-05-10,1.1904689863369395,1.1318093541160372
2021-05-11,1.1766637473813049,1.121992138469134
2021-05-12,1.1599680713549774,1.0979260795486874
2021-05-13,1.1708887378611392,1.111291288969383
2021-05-14,1.19004155741553,1.1278694844959023
2021-05-17,1.1929330148291042,1.1250159158329869
2021-05-18,1.1819849563635385,1.1154338256938894
2021-05-19,1.1756623725257656,1.11215064499202
2021-05-20,1.1850596049959434,1.123889107843839
2021-05-21,1.1876769377540315,1.1230081128855791
2021-05-24,1.2003907270635548,1.1341385744242842
2021-05-25,1.1950446747919494,1.1317282081074511
2021-05-26,1.1961979737886448,1.133852254361468
2021-05-27,1.1908463377696654,1.1351735488817638
2021-05-28,1.1947830824147638,1.1360463632668003
2021-06-01,1.199207108189409,1.135487049558838
2021-06-02,1.2051138960832355,1.1371300253294316
2021-06-03,1.2069172341154903,1.1330037178066426
2021-06-04,1.216870459265656,1.1430127810901056
2021-06-07,1.213510417123786,1.1421020985677288
2021-06-08,1.2128740886314575,1.1423019948327824
2021-06-09,1.2137484232554585,1.1402185875554236
2021-06-10,1.2170863300767685,1.1455231615118298
2021-06-11,1.216897997383285,1.1477551385545024
2021-06-14,1.217722648852145,1.1498385458318612
2021-06-15,1.2174033247220506,1.1475254227806024
2021-06-16,1.2140359926947106,1.141340117755395
2021-06-17,1.2117393261803304,1.1408428180702548
2021-06-18,1.1902206015534216,1.125869862121718
2021-06-21,1.2075861309840954,1.1416346183914348
2021-06-22,1.2159831929278402,1.1474849157486742
2021-06-23,1.21553212952923,1.1462418644529178
2021-06-24,1.222095374835026,1.152902962172372
2021-06-25,1.2255964653170257,1.1567428176876156
2021-06-28,1.2277909783087633,1.1594206359709591
2021-06-29,1.226652091763751,1.1597421852765275
2021-06-30,1.2342792060159389,1.1612825080476414
2021-07-01,1.2390073401094976,1.1673462919770636
2021-07-02,1.2497418243951337,1.1761014844969586
2021-07-06,1.2465207071621294,1.1737235765835603
2021-07-07,1.2464429938756516,1.1776660850982836
2021-07-08,1.235989749509141,1.167584056379458
2021-07-09,1.2507733327904529,1.1807520084296876
2021-07-12,1.258475475794857,1.1848269894527368
2021-07-13,1.2543511927436706,1.1806601748980192
2021-07-14,1.251291086446273,1.1820355667573723
2021-07-15,1.2445131015352806,1.1781794820404117
2021-07-16,1.2292558369367024,1.1692973586908255
2021-07-19,1.2112492669775576,1.1507411797257447
2021-07-20,1.2249917511890536,1.1681894187979835
2021-07-21,1.240662673044017,1.1778174257029153
2021-07-22,1.2424807079159652,1.1801926947217254
2021-07-23,1.2507955560259527,1.1921662830813502
2021-07-26,1.257025378550355,1.1950062614371366
2021-07-27,1.2514162013962993,1.1893748603859855
2021-07-28,1.2553710732852574,1.189153325185309
2021-07-29,1.261068666154627,1.194155085987723
2021-07-30,1.2504162847920277,1.1876994262119578
2021-08-02,1.2533968097013068,1.1855107270405312
2021-08-03,1.2689114072984569,1.1952359772110366
2021-08-04,1.2609462554483464,1.1896991805308716
2021-08-05,1.2695396522674862,1.1968438556836074
2021-08-06,1.2760830752826962,1.1988488877916976
2021-08-09,1.276939577880379,1.19772207980255
2021-08-10,1.2875306907131865,1.198911033759249
2021-08-11,1.2867948035675885,1.2004405370625513
2021-08-12,1.29381528217106,1.205418020034754
2021-08-13,1.2960622994952298,1.207355496441387
2021-08-16,1.2977414371951483,1.2105197949420596
2021-08-17,1.2936981040441498,1.2019726792604415
2021-08-18,1.274626951310147,1.1890533110804171
2021-08-19,1.2754872701339692,1.1905475851409677
2021-08-20,1.2869195451653093,1.200240508852768
2021-08-23,1.3050697390557966,1.210471107336908
2021-08-24,1.3048194005464424,1.21228165291385
2021-08-25,1.3076711338743712,1.2149730615043228
2021-08-26,1.3011827063685206,1.2078959420530442
2021-08-27,1.3110064539219128,1.2185346455852444
2021-08-30,1.3133329575487982,1.2237823513632755
2021-08-31,1.308065158656478,1.2221313269641882
2021-09-01,1.306935901062239,1.2225122513979902
2021-09-02,1.314235508140051,1.225987411681149
2021-09-03,1.3156823598988656,1.2255766677385007
2021-09-07,1.313137692991924,1.2214151309729595
2021-09-08,1.3058857827732897,1.2198046136058005
2021-09-09,1.299026241113327,1.2141866709170492
2021-09-10,1.2886143956020275,1.2048100187216406
2021-09-13,1.2967888308966231,1.2075527538118531
2021-09-14,1.2879906477562857,1.2006133846580769
2021-09-15,1.2991469431603335,1.2107873788533003
2021-09-16,1.295177663476491,1.208909277574901
2021-09-17,1.284930096459433,1.1978950593428048
2021-09-20,1.2586230179133735,1.1775580223648985
2021-09-21,1.2590562669463496,1.1766014230766877
2021-09-22,1.2759183399901293,1.1878022111561677
2021-09-23,1.2941005491499278,1.2022158533967424
2021-09-24,1.2952539624335817,1.203972301634627
2021-09-27,1.2975427440031166,1.2006296138597945
2021-09-28,1.2769732793591984,1.176179859666228
2021-09-29,1.27709477988777,1.1780255025411928
2021-09-30,1.2623466458597208,1.1639955555737378
2021-10-01,1.2740343963270884,1.1773715844622448
2021-10-04,1.2582267541509595,1.162082356997316
2021-10-05,1.2751732994287517,1.1743127098003696
2021-10-06,1.2799864444971043,1.1791306715947178
2021-10-07,1.2927992470595684,1.1889154288381865
2021-10-08,1.296524347077343,1.186640173924268
2021-10-11,1.2862853858520895,1.1784929827174868
2021-10-12,1.2798587423133705,1.175644823788477
2021-10-13,1.2800581759792966,1.179198227296175
2021-10-14,1.3043080823866624,1.1993190068625807
2021-10-15,1.320316485571147,1.208266178963765
2021-10-18,1.3246410386330945,1.2123437988814023
2021-10-19,1.335406315844427,1.2213070682395746
2021-10-20,1.3410104998455952,1.225781973737461
2021-10-21,1.3423361704146637,1.2294542594463556
2021-10-22,1.3458689426968264,1.228135603820648
2021-10-25,1.3502111372284045,1.2339670330815822
2021-10-26,1.367249618213299,1.2362126004313838
2021-10-27,1.3617324609453958,1.2299677883332132
2021-10-28,1.3735711894608231,1.2420574880547175
2021-10-29,1.3794418404527642,1.2444786738393618
2021-11-01,1.3760497711580362,1.246718831455258
2021-11-02,1.3868817733259526,1.2513072094204354
2021-11-03,1.389617923086119,1.2593922546596652
2021-11-04,1.399713221063498,1.2646589604787313
2021-11-05,1.411195874102854,1.2693796790075054
2021-11-08,1.4157559000185187,1.2705066189413827
2021-11-09,1.4155765052972256,1.2660614010076134
2021-11-10,1.4036581257147351,1.2556470035154077
2021-11-11,1.4089390528268284,1.2563387897316962
2021-11-12,1.4134167303031122,1.2654128926625714
2021-11-15,1.4128662053502832,1.2653993023554424
2021-11-16,1.411459032162022,1.2702903615298828
2021-11-17,1.4064361007771589,1.2669855418923903
2021-11-18,1.4208342901069164,1.2712740094876225
2021-11-19,1.4116957852184526,1.269495922314115
2021-11-22,1.413944730389033,1.265437170492783
2021-11-23,1.4285869019278594,1.2675341680772707
2021-11-24,1.4310779675422745,1.2704417021345142
2021-11-26,1.404433040552493,1.2415711397821192
2021-11-29,1.4167486265479614,1.2579601265666671
2021-11-30,1.3972326705646585,1.234107554218403
2021-12-01,1.3896418887781004,1.2195263421714797
2021-12-02,1.4006049314521525,1.236836830946216
2021-12-03,1.393020078402088,1.2263873361559876
2021-12-06,1.4034627368431558,1.2407739297270337
2021-12-07,1.430729828365469,1.2664667352163566
2021-12-08,1.4298077343090083,1.2703741464330571
2021-12-09,1.428878131065495,1.2612514878417598
2021-12-10,1.4367490569709378,1.27329527079743
2021-12-13,1.4249025003818343,1.2616622317844082
2021-12-14,1.426361367442807,1.2522367600391184
2021-12-15,1.450185311644794,1.272708908419939
2021-12-16,1.4444995264988456,1.261581085775822
2021-12-17,1.415595541000821,1.248602342467564
2021-12-20,1.4066792768585994,1.2343831867581372
2021-12-21,1.425115927450779,1.2563279702638848
2021-12-22,1.4378098964653148,1.2691176367749006
2021-12-23,1.4406494585055862,1.2770162441114763
2021-12-27,1.4586869587071818,1.2946887892237091
2021-12-28,1.4564321326592244,1.2933809530658131
2021-12-29,1.4541279630809398,1.2951941375373437
2021-12-30,1.4504129970636217,1.2913218236186654
2021-12-31,1.4477559096336716,1.2879305801834104
2022-01-03,1.464427971764829,1.2961399173577428
2022-01-04,1.4651738276066617,1.2953238392063515
2022-01-05,1.447314607325814,1.27020393773212
2022-01-06,1.4451995046034092,1.2689797545326689
2022-01-07,1.448055031759879,1.263840111488023
2022-01-10,1.4489684260566325,1.2620188783879993
2022-01-11,1.4623846019368896,1.2735789519656582
2022-01-12,1.4611680428875038,1.277167584716108
2022-01-13,1.44176683127243,1.258976100983112
2022-01-14,1.4391415311109588,1.2600084365460034
2022-01-18,1.4079140794006515,1.2368394698408045
2022-01-19,1.4008249333302123,1.224855062013368
2022-01-20,1.388769487361427,1.211335873093453
2022-01-21,1.3653708696785518,1.1884236708316829
2022-01-24,1.362841101372212,1.1917176710013635
2022-01-25,1.358924465238499,1.177212195229121
2022-01-26,1.365255122320936,1.1754503372573304
2022-01-27,1.3668490266130855,1.1691216083112563
2022-01-28,1.3906659397707768,1.1975869683996383
2022-01-31,1.4110311856378623,1.22020453808064
2022-02-01,1.4271447986050398,1.2285788061667329
2022-02-02,1.443895656482893,1.2401551089461091
2022-02-03,1.4200043620132752,1.209906383895043
2022-02-04,1.442506626467428,1.216145786259308
2022-02-07,1.4420545646800804,1.2116439640366223
2022-02-08,1.448066660629359,1.2218232360210222
2022-02-09,1.4604054053072646,1.239560697940124
2022-02-10,1.4370423010458933,1.2171051563868365
2022-02-11,1.414971617063952,1.1940173356902235
2022-02-14,1.408444391657853,1.1894315966196345
2022-02-15,1.4258001016700057,1.208185032955181
2022-02-16,1.4269924213184035,1.2092496949767777
2022-02-17,1.4012879470728348,1.1836460841245344
2022-02-18,1.388944767211968,1.1751638852497854
2022-02-22,1.3747449562816851,1.1632442622844883
2022-02-23,1.355583725028696,1.1418264660279978
2022-02-24,1.3611253028858403,1.1589046001342458
2022-02-25,1.3983436557640867,1.1848323991866454
2022-02-28,1.3907585021677351,1.1819383234918013
2022-03-01,1.3737404079776174,1.1636495964932312
2022-03-02,1.398214104416657,1.1853431572341857
2022-03-03,1.3954556398894886,1.179114574337732
2022-03-04,1.3911751233488512,1.1697594291332172
2022-03-07,1.3595118654414915,1.135230285115413
2022-03-08,1.352145268124485,1.1270183090464927
2022-03-09,1.384567667287865,1.1559807049305564
2022-03-10,1.3883084177838687,1.1510194511600709
2022-03-11,1.3743550607997534,1.136100460605862
2022-03-14,1.3675448212145775,1.1276694562861236
2022-03-15,1.3888853810335868,1.1518112514812509
2022-03-16,1.4160809655112332,1.1775931196629246
2022-03-17,1.4331761190792165,1.1921338246779194
2022-03-18,1.4475761049675893,1.2060368408156834
2022-03-21,1.452820500521827,1.2055126244057437
2022-03-22,1.46336371925487,1.2191398760590442
2022-03-23,1.449305251022036,1.2041777395783189
2022-03-24,1.4701917916156022,1.2214503602157147
2022-03-25,1.4789827223384393,1.2276384360802397
2022-03-28,1.483646254793951,1.236409857801852
2022-03-29,1.4893358570956368,1.2515639738638664
2022-03-30,1.485960300877891,1.243687005462914
2022-03-31,1.4590617354318591,1.224220143975456
2022-04-01,1.461779573272944,1.2283950071586678
2022-04-04,1.4695870919285388,1.2383338758460858
2022-04-05,1.4553591957298448,1.2227906547770455
2022-04-06,1.447488844059583,1.2109088999490891
2022-04-07,1.454775765442139,1.2160593624615463
2022-04-08,1.4554592475553974,1.2128355568879108
2022-04-11,1.4249847873547146,1.1923661793464078
2022-04-12,1.4208062855928685,1.188291330268088
2022-04-13,1.4351823626874285,1.2015699839462917
2022-04-14,1.4165999151626154,1.186977952431557
2022-04-18,1.42464241159849,1.1867347782952573
2022-04-19,1.440960937551364,1.2057908958400667
2022-04-20,1.4416403606532917,1.2050451442294503
2022-04-21,1.4146560863429765,1.1872671752784203
2022-04-22,1.3777139515966617,1.154332319426058
2022-04-25,1.3860478081609369,1.1609096322423378
2022-04-26,1.3537974569489528,1.1282343116727216
2022-04-27,1.352074949692308,1.1306014001183085
2022-04-28,1.390014043194555,1.1585802799893616
2022-04-29,1.3353990238898763,1.116541765586737
2022-05-02,1.345672989791322,1.1228784112165755
2022-05-03,1.3557934752102565,1.1283099160026726
2022-05-04,1.3912955871313355,1.162003981828051
2022-05-05,1.3448041177839989,1.1205788784724455
2022-05-06,1.3459108651662577,1.1142204619622544
2022-05-09,1.3041629383877205,1.0785240688957387
2022-05-10,1.308761194276436,1.0811749704542832
2022-05-11,1.2912287900824355,1.06337536256763
2022-05-12,1.2863228866190115,1.061997265841324
2022-05-13,1.314971833481705,1.0873468171170912
2022-05-16,1.314813698201837,1.0830557106272711
2022-05-17,1.330780589838045,1.104900546000492
2022-05-18,1.2774529446738276,1.0602678003006036
2022-05-19,1.2695959708900657,1.0540824293030318
2022-05-20,1.2710715751418045,1.054236474774616
2022-05-23,1.304891320966777,1.073797874660695
2022-05-24,1.2982708933554423,1.0650777794388226
2022-05-25,1.3080614705752789,1.0751435789559314
2022-05-26,1.3314223936827698,1.0965209341528583
2022-05-27,1.3590637893855628,1.123651343441451
2022-05-31,1.355973378089779,1.1166011407149716
2022-06-01,1.347487992900531,1.1082458726699136
2022-06-02,1.366742098994194,1.1286719723401706
2022-06-03,1.3479412292013253,1.1102212172138868
2022-06-06,1.3516522699048168,1.1137044261255395
2022-06-07,1.3643596061674108,1.1243106712543052
2022-06-08,1.3536454950452728,1.1121749228222373
2022-06-09,1.319951853178149,1.0857066121858163
2022-06-10,1.2801933010600364,1.0541013633717025
2022-06-13,1.2329751783301737,1.0132355077516946
2022-06-14,1.2265703121709224,1.0094118814381683
2022-06-15,1.2443516389014198,1.02414172922277
2022-06-16,1.2158466518476525,0.9908448830052756
2022-06-17,1.207225771866142,0.993025599520573
2022-06-21,1.2491758579004182,1.0173321277103666
2022-06-22,1.2445810282538994,1.0160079963783886
2022-06-23,1.253055860367703,1.0256928054893306
2022-06-24,1.2851089422897222,1.0570413558323806
2022-06-27,1.2833623001787309,1.0538986962673311
2022-06-28,1.262532517870265,1.0326699768080827
2022-06-29,1.2605335649646063,1.0319349786929133
2022-06-30,1.2455168024589789,1.0228959730600606
2022-07-01,1.2557986821511389,1.033691426930798
2022-07-05,1.2575346201389757,1.035328926995121
2022-07-06,1.262015872125521,1.039028327345909
2022-07-07,1.2846817144819287,1.054576958148855
2022-07-08,1.2828762095391302,1.0537013729245013
2022-07-11,1.2672539678884631,1.0415548709969868
2022-07-12,1.2538546812451077,1.0319268640920554
2022-07-13,1.2476691453915705,1.0273276666590665
2022-07-14,1.2412696309618154,1.0242470870892038
2022-07-15,1.271052024063379,1.0439139108140802
2022-07-18,1.2659979784524953,1.035183062096761
2022-07-19,1.2995301691575731,1.063783401643328
2022-07-20,1.3077465011605816,1.070055262411027
2022-07-21,1.316054159133709,1.0806074761731002
2022-07-22,1.3023112932764456,1.0705227425873214
2022-07-25,1.3080037715137671,1.0719306588224735
2022-07-26,1.285565811920495,1.059557145988012
2022-07-27,1.3230052636251315,1.0872712127871424
2022-07-28,1.3344531771975991,1.1004634426675834
2022-07-29,1.361449227404475,1.1160985632406566
2022-08-01,1.3565592774019792,1.112947723102384
2022-08-02,1.3463233597366628,1.1055328251438197
2022-08-03,1.3613183075371735,1.122821674982933
2022-08-04,1.3506674327220496,1.1219488605978962
2022-08-05,1.3549337256515075,1.1201248566585544
2022-08-08,1.3465685164083891,1.1187386453313897
2022-08-09,1.348596093326465,1.1139854683991812
2022-08-10,1.3751732927375615,1.137702929344531
2022-08-11,1.3752206639421978,1.1369003095555397
2022-08-12,1.3976514635829609,1.15659411597758
2022-08-15,1.3990405656140603,1.161185264782075
2022-08-16,1.4061849701943343,1.1633632764304196
2022-08-17,1.3988717796882024,1.1549430915784926
2022-08-18,1.4024339312510696,1.15756430557292
2022-08-19,1.3849583594137167,1.1426317247115825
2022-08-22,1.3610519187268422,1.1181793316234276
2022-08-23,1.3596525184265331,1.1156769998301972
2022-08-24,1.3609742034556571,1.1189304929679498
2022-08-25,1.3810964320659478,1.1346980200769845
2022-08-26,1.335007888457408,1.0964722465477093
2022-08-29,1.3291973975892195,1.0891627724279422
2022-08-30,1.3156022827145226,1.0771513159309771
2022-08-31,1.3030130765427397,1.0687311970514148
2022-09-01,1.304378965700195,1.0719333636894277
2022-09-02,1.2930021369564204,1.0604245506391436
2022-09-06,1.2843950245513986,1.0560820516772187
2022-09-07,1.3003413474300136,1.0754516698991028
2022-09-08,1.3120333344458568,1.082561181781451
2022-09-09,1.3313568287108104,1.0990934605421367
2022-09-12,1.3459888572899277,1.1107265655275231
2022-09-13,1.2898810048230531,1.0627025104200147
2022-09-14,1.2968779640685983,1.0663018966659112
2022-09-15,1.2889682860385203,1.0542337699076652
2022-09-16,1.282493661235324,1.0466621216105636
2022-09-19,1.2890543011053743,1.0538391891943697
2022-09-20,1.2767316770506811,1.0419602052057304
2022-09-21,1.2579376449507615,1.0241255000210543
2022-09-22,1.2515435227387266,1.015494599436262
2022-09-23,1.225169003321708,0.9979949678919188
2022-09-26,1.2135060860724207,0.9876751747706988
2022-09-27,1.210428723768621,0.9855809480255286
2022-09-28,1.232497586440331,1.004969434343718
2022-09-29,1.2102371814676909,0.9837380100175166
2022-09-30,1.1928225219462438,0.9689163287012466
2022-10-03,1.2254375450416957,0.9939956571711852
2022-10-04,1.263475200387629,1.024395722826883
2022-10-05,1.2621389764793527,1.0223285447512414
2022-10-06,1.252307886377538,1.011854706158437
2022-10-07,1.2178518347346543,0.9835191137114282
2022-10-10,1.2061069662310937,0.976150132518698
2022-10-11,1.1987808378523144,0.9697864382193304
2022-10-12,1.2006066141399965,0.9665950910491292
2022-10-13,1.2361950976630378,0.991693353587738
2022-10-14,1.2130427929838858,0.9682272473519112
2022-10-17,1.2492249122534305,0.9938659555021772
2022-10-18,1.264560360096126,1.0052234279478296
2022-10-19,1.261009325360189,0.998516479434906
2022-10-20,1.2605909113460447,0.9905773650664024
2022-10-21,1.2965186864166025,1.0140786345726165
2022-10-24,1.3097882620695942,1.0261278932345572
2022-10-25,1.322987537307948,1.0428195612283682
2022-10-26,1.308606629383079,1.0351155063953053
2022-10-27,1.3010011090730595,1.02881930182503
2022-10-28,1.3291260290220488,1.0541553947383977
2022-10-31,1.320538863405936,1.0462972944337503
2022-11-01,1.3145225769839337,1.0420061879439302
2022-11-02,1.2885538125787714,1.0159539650116984
2022-11-03,1.2790854926824708,1.0051990841452545
2022-11-04,1.3023671250346622,1.0188886137108355
2022-11-07,1.3156605468759066,1.028684190422116
2022-11-08,1.321546404968649,1.0344426542476872
2022-11-09,1.2900232310331123,1.0129491217165163
2022-11-10,1.3556897164828523,1.0691014339621356
2022-11-11,1.3704415867712918,1.0789807296042255
2022-11-14,1.362189707328707,1.0693391983645295
2022-11-15,1.3719109331134474,1.0786564754317047
2022-11-16,1.3651741346774875,1.069755352041084
2022-11-17,1.3624111512843011,1.0664505324035916
2022-11-18,1.3645234137871367,1.071525324613733
2022-11-21,1.3571036515662265,1.0673638538205568
2022-11-22,1.3777574362150686,1.0818586420697176
2022-11-23,1.3866286760785,1.0882574996394725
2022-11-25,1.3849164132831606,1.0879494746686686
2022-11-28,1.366360491082921,1.0711469731021548
2022-11-29,1.3621182334200796,1.06944185136401
2022-11-30,1.4028579429787276,1.102538801316451
2022-12-01,1.39854604478082,1.10158220202824
2022-12-02,1.391516260905003,1.1002661852971205
2022-12-05,1.367361397563147,1.0805777886089858
2022-12-06,1.3405764435557062,1.0650183383382286
2022-12-07,1.3389132017756205,1.0630348791933966
2022-12-08,1.3528704009786878,1.0710307957679108
2022-12-09,1.340198751828731,1.0631591711284991
2022-12-12,1.3609799350399352,1.0783403358600427
2022-12-13,1.3750651801887983,1.0862010750592783
2022-12-14,1.367733721426147,1.0796265990546807
2022-12-15,1.335480639793395,1.0527204958060823
2022-12-16,1.31873850185082,1.0409955572890277
2022-12-19,1.3113265278434814,1.0316187731488893
2022-12-20,1.315420929658785,1.0326889108767563
2022-12-21,1.3331428768072249,1.0480429232038249
2022-12-22,1.3102874900193695,1.032896921742669
2022-12-23,1.319758304696198,1.0389580667775031
2022-12-27,1.3091003506868044,1.0347506792184924
2022-12-28,1.2962906006039556,1.0223123155495264
2022-12-29,1.3154398237336873,1.0401632499359197
2022-12-30,1.3154885903593594,1.037520462978234
2023-01-03,1.3098504362517949,1.033369811652869
2023-01-04,1.307145277604853,1.041160356256059
2023-01-05,1.2938339814988586,1.0290354932641672
2023-01-06,1.3181781619800843,1.0525394676373343
2023-01-09,1.314356938170841,1.0517315040868025
2023-01-10,1.321635860874582,1.059070731743051
2023-01-11,1.3395074421764837,1.0726791812724108
2023-01-12,1.3461904930858914,1.076343352380447
2023-01-13,1.3583577046123965,1.0806453443104436
2023-01-17,1.34786304092696,1.0784511034603816
2023-01-18,1.325122523083767,1.0616676019349025
2023-01-19,1.3184081064840594,1.053558212893097
2023-01-20,1.3408060070362546,1.073489849689896
2023-01-23,1.3559296346928744,1.0862443529305248
2023-01-24,1.357393346972667,1.0854714866780153
2023-01-25,1.356470186022516,1.0852742293075497
2023-01-26,1.3764917642060672,1.097220768997646
2023-01-27,1.3771945978358748,1.0999581603263175
2023-01-30,1.35524141786883,1.085693087851057
2023-01-31,1.3752989261270596,1.1015903166290997
2023-02-01,1.3872607905218122,1.1131044734409246
2023-02-02,1.4037891266303166,1.1294664115559438
2023-02-03,1.392178496332985,1.1177712265753708
2023-02-06,1.3855341699362878,1.110907593696275
2023-02-07,1.407509737993508,1.1252077634695583
2023-02-08,1.3931311121637873,1.1127396462641106
2023-02-09,1.3782294388048075,1.1029143819887135
2023-02-10,1.3849380862516918,1.1053355677733578
2023-02-13,1.3980788417929029,1.1179901228814595
2023-02-14,1.4004069853345078,1.1176766222043857
2023-02-15,1.4011121739247931,1.1207761358429185
2023-02-16,1.3807997352397818,1.1053220434385935
2023-02-17,1.3765337244202245,1.1022631687767186
2023-02-21,1.35386313522949,1.080172454400245
2023-02-22,1.349516820536095,1.0784727423960057
2023-02-23,1.3645807212097578,1.0842203867537654
2023-02-24,1.3527575089628618,1.072795358606656
2023-02-27,1.3537322963590457,1.0760920636432896
2023-02-28,1.344808484697834,1.072825046170773
2023-03-01,1.3359972781636025,1.067755663694537
2023-03-02,1.3445460877167537,1.0758515943739428
2023-03-03,1.3666651223316957,1.0932241631438655
2023-03-06,1.3695631141550426,1.0939753904607523
2023-03-07,1.3468855923304042,1.0772081181369908
2023-03-08,1.3463758273376634,1.0787321457340229
2023-03-09,1.3191774507019711,1.0588194430058937
2023-03-10,1.3078049157618346,1.0434897085090364
2023-03-13,1.3048992083935531,1.0419142884399
2023-03-14,1.3262322762559509,1.0590815512108636
2023-03-15,1.3194118888751831,1.0516882262155576
2023-03-16,1.3419464037212208,1.070157981382876
2023-03-17,1.3296538404316278,1.0583654211919995
2023-03-20,1.340144295665194,1.067804351299689
2023-03-21,1.362052313178873,1.0816667944331602
2023-03-22,1.3436467130578251,1.0638590719456482
2023-03-23,1.346424303810738,1.067034189914132
2023-03-24,1.350732083494667,1.0730520570777202
2023-03-27,1.3586426569564796,1.0748193247834164
2023-03-28,1.353507574291233,1.073127727380036
2023-03-29,1.3680137828649124,1.0884061353771532
2023-03-30,1.3748879509893968,1.0946266696451128
2023-03-31,1.3913900969292223,1.1104292940521698
2023-04-03,1.4090764977776506,1.1145366015339242
2023-04-04,1.4023085672894702,1.1080756639689826
2023-04-05,1.4072435505993366,1.1053139288377354
2023-04-06,1.4147693455936257,1.109270027659588
2023-04-10,1.413680984477074,1.1103751967131128
2023-04-11,1.412038502883641,1.1103292799472786
2023-04-12,1.4058932892313811,1.1057381971151483
2023-04-13,1.4237158503369016,1.1204032600376108
2023-04-14,1.432362270268825,1.1180847272524463
2023-04-17,1.4335171781897234,1.1217812907915523
2023-04-18,1.4323984039392366,1.1227406609190809
2023-04-19,1.4313639383218004,1.122646056548095
2023-04-20,1.4271795951086037,1.1159634518377473
2023-04-21,1.4330297858157854,1.1169713776256982
2023-04-24,1.4366982953051368,1.1179225671800035
2023-04-25,1.4159051705092986,1.100247251228453
2023-04-26,1.414689351218778,1.0960209955731368
2023-04-27,1.4384661079460248,1.117465906471521
2023-04-28,1.4433615940322997,1.12668857916771
2023-05-01,1.4422456032334676,1.126253557394851
2023-05-02,1.4242857108757865,1.1132044875458178
2023-05-03,1.4099835388080038,1.1054139429426275
2023-05-04,1.398331150035237,1.0974342555698309
2023-05-05,1.4244458549862689,1.1177090806078211
2023-05-08,1.4275616371818252,1.1182144289214553
2023-05-09,1.4207816291148416,1.1130936539731149
2023-05-10,1.4270960044156005,1.1180847272524468
2023-05-11,1.4276526855794718,1.116187757877742
2023-05-12,1.4233101814025415,1.1144204901720456
2023-05-15,1.4265362666345596,1.1177171292363146
2023-05-16,1.4224881106834988,1.1105886832852958
2023-05-17,1.442607989479365,1.123794503472866
2023-05-18,1.4523929140639409,1.1344087972301256
2023-05-19,1.4486414374654246,1.1327685922988495
2023-05-22,1.4478573686852143,1.1329442107336924
2023-05-23,1.4454016857349727,1.120230280497357
2023-05-24,1.4390360008218053,1.112031762790836
2023-05-25,1.4601151079481491,1.1217704713237415
2023-05-26,1.47449065368293,1.13640855154904
2023-05-30,1.4732635896489594,1.1364274196453454
2023-05-31,1.4624585351540944,1.1294854115969808
2023-06-01,1.4769592883426,1.140615873135686
2023-06-02,1.4979792855160357,1.157194068662206
2023-06-05,1.497440188440721,1.1548755358770415
2023-06-06,1.498510263715036,1.157593993137043
2023-06-07,1.4937990076790626,1.1531812336067082
2023-06-08,1.505124774897585,1.1603178601309505
2023-06-09,1.506340913701404,1.1616499741190576
2023-06-12,1.515691576475597,1.1724778863932297
2023-06-13,1.5254535748379796,1.1806060775589755
2023-06-14,1.5202828063117275,1.1815734963149982
2023-06-15,1.535516434873328,1.1959628607253618
2023-06-16,1.5272098126386555,1.19157174013065
2023-06-20,1.5186500282928117,1.1859295196116877
2023-06-21,1.5124713807186156,1.179708985343728
2023-06-22,1.5169156879243522,1.1840866475760403
2023-06-23,1.504726754265045,1.175017954379071
2023-06-26,1.4932633631167669,1.1697458388260993
2023-06-27,1.5017180665340302,1.1831462774895467
2023-06-28,1.5014048364561436,1.182727352973675
2023-06-29,1.5091079606889053,1.1880183366229522
2023-06-30,1.5285452786316716,1.20259413893597
2023-07-03,1.5305102964494397,1.2040019891987577
2023-07-05,1.524653322744968,1.2016321299138533
2023-07-06,1.5060438536889764,1.192112185742307
2023-07-07,1.5014621024073649,1.1886966644768409
2023-07-10,1.4988677951543925,1.1915555109289329
2023-07-11,1.5081754977951969,1.199589229668423
2023-07-12,1.5199513476447808,1.2084796655359618
2023-07-13,1.5325985781356048,1.2187156737540077
2023-07-14,1.5351004769641166,1.217467212724345
2023-07-17,1.5403540068602743,1.22216101452832
2023-07-18,1.5573885057530676,1.2308594708145697
2023-07-19,1.5639094610224136,1.2337617270826369
2023-07-20,1.5685407604540893,1.225425327133884
2023-07-21,1.5730568101037044,1.2258224807694031
2023-07-24,1.587282523044496,1.230767637282901
2023-07-25,1.5901114285165587,1.2342318461535189
2023-07-26,1.592870026430945,1.2340399985169592
2023-07-27,1.5834726722149737,1.2261117036162668
2023-07-28,1.5965188474881873,1.2382230422733942
2023-07-31,1.601885898546374,1.2400416364788305
2023-08-01,1.5944343505786045,1.236736816841338
2023-08-02,1.5720662993721726,1.219620946542479
2023-08-03,1.5757447832325282,1.216513384275452
2023-08-04,1.5762184037590026,1.2100657731281808
2023-08-07,1.5937101970615537,1.2209855189340209
2023-08-08,1.5840888764342356,1.2158350564215636
2023-08-09,1.571163724324197,1.2072771212721345
2023-08-10,1.5708203759165946,1.2075798024813973
2023-08-11,1.5760352588819324,1.2062880635804891
2023-08-14,1.5854749595025397,1.2132247938396776
2023-08-15,1.5626042407079692,1.1992109441292105
2023-08-16,1.550375338890604,1.1901504315054643
2023-08-17,1.5486100887353595,1.180970904735792
2023-08-18,1.5494843268623852,1.1807952863009494
2023-08-21,1.557608771265968,1.188918199677519
2023-08-22,1.5461079916287268,1.185616018934615
2023-08-23,1.557443958246728,1.198711005549482
2023-08-24,1.5432534066480863,1.1825787832083627
2023-08-25,1.5499227722033595,1.1905233073107726
2023-08-28,1.5579695010463497,1.197981483140583
2023-08-29,1.5762491849917426,1.2153621665113647
2023-08-30,1.5799508990373867,1.2200208710173168
2023-08-31,1.57637884891306,1.2180725751428725
2023-09-01,1.5809009617260863,1.2202640451536166
2023-09-05,1.5776855829396184,1.215146041044594
2023-09-06,1.562037505207191,1.206674529692927
2023-09-07,1.561764077435162,1.2027995768796609
2023-09-08,1.5666333044468144,1.204515518085617
2023-09-11,1.5705424204459069,1.2126140216872463
2023-09-12,1.5733661071210727,1.2057071109369044
2023-09-13,1.579155268008042,1.207204155836772
2023-09-14,1.5933379984091751,1.217380788926584
2023-09-15,1.5759219870500554,1.2025779097342544
2023-09-18,1.578085710268046,1.2034453143853854
2023-09-19,1.5737955224212634,1.2008566907391218
2023-09-20,1.559559960524647,1.189574888595785
2023-09-21,1.53761184549385,1.170064749237081
2023-09-22,1.5357782572826113,1.1673787503805142
2023-09-25,1.5453250513717431,1.1720751910790772
2023-09-26,1.5247525780057305,1.1548052093362693
2023-09-27,1.5282798040390395,1.155070022408192
2023-09-28,1.5350063317087954,1.161877050998372
2023-09-29,1.530563265314923,1.1587288497546873
2023-10-02,1.53725361110981,1.1588208152310848
2023-10-03,1.5170028030127791,1.142893898888925
2023-10-04,1.5201377706237182,1.1521624883509485
2023-10-05,1.5212398459514362,1.1506600337171746
2023-10-06,1.53017730793746,1.16425495891177
2023-10-09,1.538991538902877,1.1715942525403835
2023-10-10,1.5451418453035577,1.177695904607146
2023-10-11,1.5434951490003064,1.1827517627486177
2023-10-12,1.541974009630035,1.1753637815148523
2023-10-13,1.5414265666616311,1.1694647965524614
2023-10-16,1.5569600803174204,1.1818545385886403
2023-10-17,1.5513310961312468,1.1817384272267613
2023-10-18,1.5355983482525757,1.1659033444162696
2023-10-19,1.5301663054236352,1.1560131633340036
2023-10-20,1.5108101482367635,1.1414644096905149
2023-10-23,1.5076888610294432,1.1395403916462814
2023-10-24,1.5112366816990868,1.1478200553613886
2023-10-25,1.4944453391615324,1.1313607420360658
2023-10-26,1.4798094445395504,1.1179738936797474
2023-10-27,1.4618772602984975,1.1126073057005192
2023-10-30,1.4867892828539058,1.1259697442818972
2023-10-31,1.4934076741543427,1.1332603503053589
2023-11-01,1.5060743681521274,1.145166382963527
2023-11-02,1.5319307286076858,1.166762568494178
2023-11-03,1.5453336469755574,1.1777228213319464
2023-11-06,1.5496470484280347,1.1797873605129998
2023-11-07,1.5522054555534075,1.1831380969163263
2023-11-08,1.548952041786861,1.1843270508730257
2023-11-09,1.5392670600437133,1.174753141307151
2023-11-10,1.5581110875399142,1.193098604539367
2023-11-13,1.5582321475341974,1.1921013662744984
2023-11-14,1.579365389941007,1.214840720940744
2023-11-15,1.5833730372777652,1.2167808362419652
2023-11-16,1.578907755040906,1.2182293254814107
2023-11-17,1.5830479905674937,1.219791155243418
2023-11-20,1.590300224561347,1.2288057511013302
2023-11-21,1.5862348745993435,1.2263224193491349
2023-11-22,1.5905240584920035,1.2313026731606551
2023-11-24,1.5915810968780724,1.23203760530346
2023-11-27,1.5886348716877214,1.229630009825945
2023-11-28,1.590271067584275,1.2308351929843613
2023-11-29,1.587518035493253,1.2296705168578732
2023-11-30,1.5941356000790814,1.2343236796851902
2023-12-01,1.5940525948600084,1.2415737786767236
2023-12-04,1.5865264416428364,1.2348587155629414
2023-12-05,1.5851808948056276,1.234156241823571
2023-12-06,1.5720303878395236,1.2293353772451758
2023-12-07,1.581836174255956,1.239130953956456
2023-12-08,1.589306981343527,1.2442058121389623
2023-12-11,1.5826152328674434,1.2490886907401797
2023-12-12,1.585354875274502,1.254833696203351
2023-12-13,1.597265631370529,1.27196302486461
2023-12-14,1.6067725918517768,1.2753299904696536
2023-12-15,1.6093887676969685,1.2752327472040794
2023-12-18,1.6213582202310295,1.281007440231368
2023-12-19,1.632832150804037,1.288522352294824
2023-12-20,1.6117056469165052,1.2696013461529283
2023-12-21,1.625868508983999,1.2826801035660784
2023-12-22,1.6298202973850715,1.2848094276092714
2023-12-26,1.634869818764252,1.2902463421292745
2023-12-27,1.6372699799407922,1.2920919850042392
2023-12-28,1.6369853714422302,1.292570284648345
2023-12-29,1.634610922548545,1.2889168670357554
2024-01-02,1.6403987980361343,1.2816208512783878
2024-01-03,1.6377434211205342,1.271346974923002
2024-01-04,1.6291324703185777,1.2669883127317243
2024-01-05,1.63334006372832,1.2693014357829833
2024-01-08,1.6501304748612105,1.287217155031516
2024-01-09,1.6482009666137567,1.2853147759229058
2024-01-10,1.6540741316759522,1.2925973333178735
2024-01-11,1.6520710170748745,1.291729928666743
2024-01-12,1.652084111839455,1.2926999863173536
2024-01-16,1.6426165964521864,1.2878764828443705
2024-01-17,1.6356146638490263,1.2806426130545543
2024-01-18,1.643340498561899,1.2919190054639853
2024-01-19,1.6574434071507456,1.3078270537098395
2024-01-22,1.6628840405390528,1.3106968515744726
2024-01-23,1.6699178777514154,1.3145258876219048
2024-01-24,1.6762341371371858,1.3155931885380894
2024-01-25,1.6883156656352074,1.3225136895955605
2024-01-26,1.690393757850869,1.3216516946783354
2024-01-29,1.6993550936261477,1.3316391190261756
2024-01-30,1.703997357521328,1.330839270076502
2024-01-31,1.6780751383426464,1.3094051126735644
2024-02-01,1.6887607082291902,1.3257644118939955
2024-02-02,1.7080866911144414,1.339929470264365
2024-02-05,1.7053065593364698,1.3356600027101675
2024-02-06,1.7146143689261828,1.3387459260415715
2024-02-07,1.7252779138608805,1.3497791443147027
2024-02-08,1.7247263038626948,1.3505493057002596
2024-02-09,1.7305643474725174,1.3583046210606975
2024-02-12,1.7346150623130046,1.357015652999107
2024-02-13,1.7105844311138774,1.338459474034026
2024-02-14,1.7174149736517728,1.3512815989484763
2024-02-15,1.7320188322311596,1.3591477478816176
2024-02-16,1.7291841060106017,1.3526191226704891
2024-02-20,1.7258298779126084,1.3444962092939192
2024-02-21,1.7305712627863388,1.3461959212981582
2024-02-22,1.7635143530683,1.3746314618776942
2024-02-23,1.7653077405467572,1.3751097615217998
2024-02-26,1.755145304328006,1.3699025627756969
2024-02-27,1.7519491842285222,1.3722400956018963
2024-02-28,1.7482740362570477,1.3699647087432485
2024-02-29,1.7511903080039466,1.3771283839370192
2024-03-01,1.7562189021985697,1.3881561924762449
2024-03-04,1.748884093074926,1.386499758343252
2024-03-05,1.7439258076282849,1.3723670264315877
2024-03-06,1.7513933827251849,1.3794225069472434
2024-03-07,1.7640885954851724,1.3936362529227646
2024-03-08,1.760666564182776,1.3845378721616783
2024-03-11,1.7732514691817407,1.382984091028165
2024-03-12,1.7906288020583718,1.398475985597465
2024-03-13,1.794631828960028,1.3957845770069923
2024-03-14,1.7960388184962914,1.3917771516854005
2024-03-15,1.7865346296477862,1.382754375254265
2024-03-18,1.794836450385477,1.3914906996778549
2024-03-19,1.804446451079624,1.39935143887709
2024-03-20,1.8173066216423115,1.4118115074540438
2024-03-21,1.823763110241248,1.4163808853781863
2024-03-22,1.8225417591228437,1.4143948533111312
2024-03-25,1.818719643557373,1.4100739273124647
2024-03-26,1.816730335315613,1.4061260090638357
2024-03-27,1.831617261631984,1.4182617574959038
2024-03-28,1.833737916291773,1.419845226193534
2024-04-01,1.8331217450512425,1.4169862477967128
2024-04-02,1.820001805681885,1.4067286006430442
2024-04-03,1.8163637087201243,1.4082635136802522
2024-04-04,1.796115429969948,1.3908935178325526
2024-04-05,1.8125557421424288,1.4063313150627954
2024-04-08,1.812678210125964,1.4058044597582675
2024-04-09,1.8173594802546,1.4078365405358866
2024-04-10,1.8072935788270028,1.394522657614931
2024-04-11,1.81494516386948,1.4049045967037024
2024-04-12,1.7879493276806906,1.384462267831728
2024-04-15,1.7803612672133728,1.3678191554983392
2024-04-16,1.773918718902387,1.3650062258120814
2024-04-17,1.7725976695279846,1.3571156671039997
2024-04-18,1.7772253903745552,1.354118938409676
2024-04-19,1.776021097588795,1.342258822517342
2024-04-22,1.7993339581549963,1.3539784172728555
2024-04-23,1.81439325579108,1.3701781953154322
2024-04-24,1.8133710558616176,1.3704700570568835
2024-04-25,1.806952925076228,1.364198196289184
2024-04-26,1.831130533269561,1.3781254902571596
2024-04-29,1.8323175664181215,1.38250579138406
2024-04-30,1.8048446301755587,1.3607582652487775
2024-05-01,1.81321044227206,1.3560834634858376
2024-05-02,1.834598541517148,1.3684623860542051
2024-05-03,1.852279512696928,1.3856458120545214
2024-05-06,1.8680959632824967,1.3999541624010283
2024-05-07,1.8701788042048548,1.401834902574016
2024-05-08,1.873409593042221,1.4018267220007925
2024-05-09,1.8891389126818148,1.4089633485250346
2024-05-10,1.89063721403788,1.4112872910441048
2024-05-13,1.892753108415672,1.410946741697502
2024-05-14,1.9002463046974196,1.4177726383839873
2024-05-15,1.9183007432212544,1.4343831603692123
2024-05-16,1.929470934066804,1.4313972511427
2024-05-17,1.9356121915638835,1.4330645047435049
2024-05-20,1.924787996466562,1.4343777506353066
2024-05-21,1.938001686221648,1.4379663833857563
2024-05-22,1.9345100775622857,1.4340750694260436
2024-05-23,1.9216426424533088,1.4234904632329008
2024-05-24,1.931776436719677,1.4334563805898477
2024-05-28,1.93475971492952,1.4338130271934384
2024-05-29,1.9201012416768637,1.4232500599359186
2024-05-30,1.9101556610177888,1.414746090180817
2024-05-31,1.93362019364517,1.426103496654105
2024-06-03,1.938881596669816,1.4276951459249587
2024-06-04,1.943654069426568,1.429840699169869
2024-06-05,1.9557475548250824,1.4467809510338854
2024-06-06,1.9555870667754365,1.4464918601317518
2024-06-07,1.9487203944909772,1.4448787038700046
2024-06-10,1.9521223631847504,1.4486077258125452
2024-06-11,1.952890115281482,1.4525340051255513
2024-06-12,1.9559451344058056,1.4648858790243904
2024-06-13,1.9582471454214023,1.4683205322756203
2024-06-14,1.959958123389023,1.4677422185266236
2024-06-17,1.963961396491835,1.4789915622665255
2024-06-18,1.9712656758483895,1.482720584209066
2024-06-20,1.978390551105276,1.4789753330648083
2024-06-21,1.9713978252947804,1.4766649808528671
2024-06-24,1.98129302721444,1.4721387488552409
2024-06-25,1.9825355959475115,1.4779295391395173
2024-06-26,1.9857489883006456,1.4802534816585875
2024-06-27,1.9880970713550932,1.4815965470592356
2024-06-28,1.990082885399416,1.475546221492213
2024-07-01,2.002472369757888,1.479494139740842
2024-07-02,2.013175342873803,1.4886600762033857
2024-07-03,2.0175456784978003,1.4962290856058993
2024-07-05,2.023566980443812,1.504381686546586
2024-07-08,2.023838003486952,1.5059111898498885
2024-07-09,2.0306162797819183,1.5070271783712248
2024-07-10,2.056260870601877,1.5224110102071398
2024-07-11,2.0370782461761983,1.5090700786166555
2024-07-12,2.040966023905367,1.5173956590975968
2024-07-15,2.055065392454176,1.521684126692829
2024-07-16,2.0785936764382247,1.5314067379687466
2024-07-17,2.0824654601710697,1.5100780044046065
2024-07-18,2.060850134650359,1.498274624745918
2024-07-19,2.050542089763183,1.487576546085484
2024-07-22,2.053310320605533,1.503630525202064
2024-07-23,2.04968237311253,1.5012877145866883
2024-07-24,2.028053755097722,1.4665342645288892
2024-07-25,2.0234436526570256,1.458992435740634
2024-07-26,2.042241610050699,1.4751733456869052
2024-07-29,2.0343475568559914,1.4763731191114158
2024-07-30,2.03562392739198,1.4690500546845195
2024-07-31,2.047454438734252,1.4922513478484238
2024-08-01,2.024784744988347,1.4718171995496727
2024-08-02,1.988395464027924,1.4447624605633955
2024-08-05,1.9296234684960027,1.4014646656632963
2024-08-06,1.9366705550174244,1.4159755511694452
2024-08-07,1.9328613231163847,1.4050234789049
2024-08-08,1.965291413821174,1.4373988891045713
2024-08-09,1.97216363941214,1.4441139522183537
2024-08-12,1.9753314508564197,1.4441760981859046
2024-08-13,1.9965610398229423,1.4685069701782745
2024-08-14,2.006730028097963,1.474122142027708
2024-08-15,2.034502570864467,1.497904519779927
2024-08-16,2.0399495655635667,1.5008850192725336
2024-08-19,2.05826758171001,1.5154770507872686
2024-08-20,2.0497065259046945,1.5124695026251334
2024-08-21,2.052542041535189,1.5188818845296526
2024-08-22,2.0440461174575604,1.5053140080045857
2024-08-23,2.0668781813150527,1.5226000870043817
2024-08-26,2.0692370157587687,1.5177982224670217
2024-08-27,2.064142534291262,1.520219408251666
2024-08-28,2.05474901901117,1.511134617797709
2024-08-29,2.0576089268244795,1.5110751107247458
2024-08-30,2.076795046613852,1.526326470052335
2024-09-03,2.037318155489292,1.4940430253290613
2024-09-04,2.0292513590023256,1.4916487562692164
2024-09-05,2.0262716363606885,1.4871469340465309
2024-09-06,1.9946134605208732,1.4614784063874189
2024-09-09,2.0208662421039807,1.478402429049718
2024-09-10,2.0150886137853545,1.4850148391640203
2024-09-11,2.028690085261569,1.5008525608691
2024-09-12,2.0387360339351224,1.5121019046090023
2024-09-13,2.047142234612673,1.52027891532463
2024-09-16,2.055985508950557,1.522189343061734
2024-09-17,2.0562692577692245,1.5225920383758886
2024-09-18,2.0534577469270623,1.518181917740142
2024-09-19,2.079428767557592,1.5439558692380515
2024-09-20,2.076717438723758,1.5409590085989984
2024-09-23,2.078615296292412,1.5452879832261588
2024-09-24,2.083184221460823,1.54916847771806
2024-09-25,2.0715232971394077,1.546285089546298
2024-09-26,2.069437171033328,1.5525300335891985
2024-09-27,2.0742335159187344,1.550584376609342
2024-09-30,2.084141443522177,1.5571535088523984
2024-10-01,2.071042400312816,1.5426344427730263
2024-10-02,2.073716924160058,1.542847929345209
2024-10-03,2.070700524921248,1.5402537640203104
2024-10-04,2.091071862813991,1.5540702244155826
2024-10-07,2.077228039911602,1.5391728727969969
2024-10-08,2.085768375916066,1.5540864536172998
2024-10-09,2.104545454528652,1.5651413108260543
2024-10-10,2.1036747877087967,1.5619012760507016
2024-10-11,2.126196509920348,1.5713536645207908
2024-10-14,2.13844758569652,1.583465135122648
2024-10-15,2.1226228430221554,1.5714158104883424
2024-10-16,2.133789378481928,1.578768694424085
2024-10-17,2.131917865636106,1.5784984716182566
2024-10-18,2.1374686067564297,1.5847675615466386
2024-10-21,2.1337883637911057,1.5818788955857004
2024-10-22,2.143089803638464,1.5811277342411785
2024-10-23,2.130645133040556,1.566595077854677
2024-10-24,2.1315998137768526,1.5699566337258153
2024-10-25,2.126021304301482,1.569486514654933
2024-10-28,2.1381243479626333,1.573647919475745
2024-10-29,2.131895102990574,1.576187987461586
2024-10-30,2.1320802352115944,1.570986198449389
2024-10-31,2.1013809627536206,1.541742760291685
2024-11-01,2.115474532462306,1.5480523572519955
2024-11-04,2.10610951799834,1.543699104794624
2024-11-05,2.1284995192195817,1.5626335692989193
2024-11-06,2.200598739962839,1.60216183522455
2024-11-07,2.206464149262652,1.6140678678827178
2024-11-08,2.2094252912007497,1.6201316518121402
2024-11-11,2.2076898820618838,1.6217016621473708
2024-11-12,2.2069788477437284,1.6170106311827137
2024-11-13,2.2167761447673096,1.6173861458826098
2024-11-14,2.207829017784651,1.6076013886391407
2024-11-15,2.1889937354584923,1.5863754400192096
2024-11-18,2.192738984097801,1.5925905645532634
2024-11-19,2.1993616407796,1.5989029323528912
2024-11-20,2.2024524864184207,1.5989380296509137
2024-11-21,2.2079006568282504,1.6074770967040375
2024-11-22,2.2157077175809734,1.6130517615215432
2024-11-25,2.2232843815752106,1.6179239525996785
2024-11-26,2.2382153106349287,1.62718172259389
2024-11-27,2.234964275398056,1.6209964175686826
2024-11-29,2.2444867875266943,1.6300866177565458
2024-12-02,2.2466180459964056,1.6340778138764207
2024-12-03,2.2433639000822243,1.6348155168585432
2024-12-04,2.244949658831522,1.6447084687801272
2024-12-05,2.2474538496484127,1.6416332329718053
2024-12-06,2.238738372179469,1.6457298529304776
2024-12-09,2.233449949679131,1.6356181366475346
2024-12-10,2.2332918664522743,1.6307703553443404
2024-12-11,2.238752837508686,1.6440868771598842
2024-12-12,2.225501708962571,1.6351857537692636
2024-12-13,2.2166724856245503,1.6351424758980175
2024-12-16,2.2081916760662392,1.6413549615374834
2024-12-17,2.2056416073453504,1.6350127742290097
2024-12-18,2.156519063676096,1.5867915936957644
2024-12-19,2.154339341799945,1.5854188407309993
2024-12-20,2.1800414110061563,1.602650954336467
2024-12-23,2.1910154796893457,1.6143299101153237
2024-12-24,2.2116351893905724,1.6321565666715057
2024-12-26,2.212107134360823,1.6314944680193342
2024-12-27,2.194195486988753,1.613457095730287
2024-12-30,2.1756371845256344,1.5961898848267966
2024-12-31,2.173266268438653,1.5893505297779116
2025-01-02,2.174301911484908,1.585815994366519
2025-01-03,2.196405940864808,1.6057909750069292
2025-01-06,2.20971477421484,1.6146839178243269
2025-01-07,2.2026707683295927,1.596754608268665
2025-01-08,2.2009822619921486,1.599246120594084
2025-01-10,2.1759291449196847,1.5745991090300515
2025-01-13,2.1854842046599723,1.577079801887659
2025-01-14,2.1881834608267794,1.5788875766252837
2025-01-15,2.227481069109565,1.6078014168489252
2025-01-16,2.2124711972666837,1.6044046317350351
2025-01-17,2.2340326847501544,1.6204343330214042
2025-01-21,2.247700969869592,1.6346426692630196
2025-01-22,2.2517274373815237,1.644676010376694
2025-01-23,2.266739141399541,1.6534149736948718
2025-01-24,2.2606741895024127,1.6486942551660977
2025-01-27,2.258979337133768,1.6246551129704498
2025-01-28,2.277281994059075,1.6396309717030335
2025-01-29,2.2683483360847907,1.6319593093010405
2025-01-30,2.2747218095913,1.6405685709502098
2025-01-31,2.2528527572380703,1.6322889072351026
2025-02-03,2.241956746424217,1.6198694776348064
2025-02-04,2.2657430423736704,1.631572843188603
2025-02-05,2.2703588210475694,1.6379501277951
2025-02-06,2.2769980434886365,1.6439193073535363
2025-02-07,2.255440499949976,1.628359989027509
2025-02-10,2.270118979051793,1.639290422356431
2025-02-11,2.2765669626609566,1.6398470971698051
2025-02-12,2.2631969774349057,1.6353803722451423
2025-02-13,2.284829426977517,1.6524313257371326
2025-02-14,2.2817584817039807,1.6523124435359355
2025-02-18,2.282420273320589,1.6563523272609624
2025-02-19,2.293127986991046,1.6602894260417802
2025-02-20,2.2710550890225787,1.6530934243893043
2025-02-21,2.235915909221618,1.624884828744351
2025-02-24,2.2270110677453627,1.6168106029729326
2025-02-25,2.221080605289143,1.6092443644097367
2025-02-26,2.211906163067348,1.6094632607158252
2025-02-27,2.1900681163571964,1.5839298444596273
2025-02-28,2.230921478754919,1.6090416973053656
2025-03-03,2.1849959436925768,1.580727809766344
2025-03-04,2.1586421451352416,1.561387879108577
2025-03-05,2.1721423006285985,1.5788118403506046
2025-03-06,2.1532272247391786,1.5506789809803314
2025-03-07,2.160180633707081,1.5592396869690786
2025-03-10,2.1086267307488087,1.517182172525418
2025-03-11,2.091384015344284,1.5057003421722983
2025-03-12,2.0904490551032047,1.5130585038972173
2025-03-13,2.0704193616011364,1.4920406321155633
2025-03-14,2.1126136961958157,1.5237701728647803
2025-03-17,2.126980995759334,1.5335468814797557
2025-03-18,2.1165566627872194,1.5172092211949473
2025-03-19,2.138206311686948,1.5335927982455897
2025-03-20,2.140877698419044,1.5302420618422632
2025-03-21,2.150416293098975,1.5315039812343252
2025-03-24,2.1763018272783383,1.5585289007117562
2025-03-25,2.1750635732287544,1.5609825448998351
2025-03-26,2.1589187194244537,1.543566764231031
2025-03-27,2.149485357666503,1.5384622184844077
2025-03-28,2.114138079833429,1.5080972501267322
2025-03-31,2.1298119633615338,1.516449879277202
2025-04-01,2.125365358689036,1.522183933327833
2025-04-02,2.136556490482855,1.532425483224514
2025-04-03,2.0401095574160397,1.4582627813870106
2025-04-04,1.9228137717062224,1.3711321557090603
2025-04-07,1.921196027256948,1.3679353988049534
2025-04-08,1.896990883261777,1.3464580954754992
2025-04-09,2.053380785783613,1.474578802736196
2025-04-10,1.9887904606406968,1.4235471994665516
2025-04-11,2.030758034151852,1.4493021509234267
2025-04-14,2.042853115917549,1.460816439679981
2025-04-15,2.0422027648859724,1.4582924689511274
2025-04-16,2.003917912263651,1.4256145094869226
2025-04-17,1.9879627850493449,1.4275060691277217
2025-04-21,1.9440958923220568,1.3938633298020826
2025-04-22,1.991585968493936,1.4288732804138518
2025-04-23,2.0127626369967717,1.452679935996282
2025-04-24,2.0425000961134367,1.4821099440013692
2025-04-25,2.0528048078516763,1.4930377384357032
2025-04-28,2.052974403691409,1.4939943377239142
2025-04-29,2.0583573629490712,1.502663106446047
2025-04-30,2.0554459088049524,1.5048870348602257
2025-05-01,2.070637972582856,1.5143664719998435
2025-05-02,2.091705706131119,1.5366679021091827
2025-05-05,2.0741242810607816,1.526861505930091
2025-05-06,2.057103407842501,1.5151149944497777
2025-05-07,2.0548704837030285,1.521700223949822
2025-05-08,2.069002706720341,1.530525743010492
2025-05-09,2.066067692343868,1.5294368031586845
2025-05-12,2.1293019017651003,1.579233403761066
2025-05-13,2.115219230667796,1.5906800048714338
2025-05-14,2.121083002324436,1.5923095222796275
2025-05-15,2.1131637571534325,1.5988894739904955
2025-05-16,2.1328524462863783,1.6100901301252464
2025-05-19,2.1415481357746904,1.6115007512273516
2025-05-20,2.137837735742148,1.6052477585559577
2025-05-21,2.1045413335283376,1.579346876228357
2025-05-22,2.104544269131502,1.5786442705442574
2025-05-23,2.097711835693207,1.568054254617209
2025-05-27,2.1342939731121544,1.6001351641808408
2025-05-28,2.1216888054399043,1.591220450483091
2025-05-29,2.1331682262239,1.5976031448234935
2025-05-30,2.133961614942563,1.597473443154485
2025-06-02,2.1393999240691186,1.6040263461958244
2025-06-03,2.144791760838424,1.6133301649005998
2025-06-04,2.13776680660924,1.6134490471017968
2025-06-05,2.127258485390921,1.6049342578788837
2025-06-06,2.160700561020619,1.621434078236135
2025-06-09,2.1694133184865763,1.622925713402097
2025-06-10,2.184826676442422,1.6318241978981296
2025-06-11,2.1828297505407472,1.627346653505655
2025-06-12,2.193266009785586,1.6335670558288855
2025-06-13,2.176418780156652,1.6151136618080135
2025-06-16,2.1904393109210787,1.6302838751270163
2025-06-17,2.182246115284896,1.616667442941527
2025-06-18,2.184920391939583,1.616167504361799
2025-06-20,2.1844131844712176,1.612646427312806
2025-06-23,2.1905517571532886,1.6281383218821064
2025-06-24,2.2020392053437536,1.6462460207119285
2025-06-25,2.2120436441212257,1.6462406109780228
2025-06-26,2.2292298715368277,1.6594436603262757
2025-06-27,2.243704908544633,1.668104248475185
2025-06-30,2.248154776313716,1.6767190518029895
2025-07-01,2.268889969717153,1.6748435894191784
2025-07-02,2.2792460142051056,1.6827908843609058
2025-07-03,2.29687057591468,1.6968236021676786
2025-07-07,2.279730350753046,1.6834826705771944
2025-07-08,2.272925608811192,1.682277487418778
2025-07-09,2.278018054119272,1.6924756274994837
2025-07-10,2.2874814427885988,1.6971235125376245
2025-07-11,2.290096098795904,1.6915272087844964
2025-07-14,2.282703395508766,1.6939078875372124
2025-07-15,2.2699261498689607,1.6872062827858298
2025-07-16,2.2792463094617093,1.6925946416454107
2025-07-17,2.286531256511176,1.7016902515671797
2025-07-18,2.282267016937902,1.70153627206796
2025-07-21,2.2884337872341973,1.703916950820676
2025-07-22,2.299297904396416,1.7050032517778952
2025-07-23,2.321317271157239,1.7183225444327568
2025-07-24,2.329497625674062,1.7195223178572674
2025-07-25,2.332696307463971,1.7263562631722469
2025-07-28,2.3313893810646964,1.7266615832760976
2025-07-29,2.323424804138805,1.7215516277955687
2025-07-30,2.315927719384322,1.719400664816753
2025-07-31,2.293866430120084,1.7130477899851968
2025-08-01,2.251701680265956,1.6856525016523167
2025-08-04,2.2742492916689643,1.7104941316922264
2025-08-05,2.2829750399000504,1.7021847804130024
2025-08-06,2.2973858735966144,1.7145799321830872
2025-08-07,2.29997496393642,1.713212588952228
2025-08-08,2.328731125675552,1.7265751594783356
2025-08-11,2.326187381417732,1.7222515945850807
2025-08-12,2.350678823208749,1.7417912895631722
2025-08-13,2.359414449282544,1.747417412825147
2025-08-14,2.366137179461956,1.7479470389689924
2025-08-15,2.3781103349745973,1.7428830002542977
2025-08-18,2.3851485650154887,1.7427073818194552
2025-08-19,2.37501427364234,1.7324984222709383
2025-08-20,2.37235639932069,1.7282855590056572
2025-08-21,2.367992841618224,1.7213651898929154
2025-08-22,2.402902971741166,1.7475066074622274
2025-08-25,2.3932026660231025,1.7400510705270054
2025-08-26,2.3962235221952115,1.747244433284893
2025-08-27,2.407732389435129,1.7514220673074226
2025-08-28,2.4100062511546847,1.756950815359094
2025-08-29,2.415324852508783,1.7457095202476856
2025-09-02,2.4071041580062795,1.733625230260087
2025-09-03,2.420362201161292,1.7424668465777446
2025-09-04,2.4434713871793416,1.7570103224320577
2025-09-05,2.4211943654021786,1.7514491159769516
2025-09-08,2.426345078379339,1.7551376308875637
2025-09-09,2.4586441249918547,1.7598557105217496
2025-09-10,2.454845545800844,1.7651061871390985
2025-09-11,2.478398603851492,1.7800846847662708
2025-09-12,2.474963800796709,1.7792253287436337
2025-09-15,2.489453099859252,1.7875994648849975
2025-09-16,2.488883293503687,1.7852971613015505
2025-09-17,2.496109302309205,1.783565122838606
2025-09-18,2.494366854338438,1.7921068287863182
2025-09-19,2.5007785006750303,1.8008620213062134
2025-09-22,2.5037603669892423,1.8088039065140356
2025-09-23,2.4994966451628726,1.7988515794642177
2025-09-24,2.4959783267760547,1.7937309364606069
2025-09-25,2.4951355140833047,1.7847460281668115
2025-09-26,2.506651217334112,1.7952793078602145
2025-09-29,2.506806462484765,1.8000108458568
2025-09-30,2.5174242265304945,1.8073744173156248
2025-10-01,2.522645414630647,1.8135193472536333
2025-10-02,2.5198747444345773,1.814640745508876
2025-10-03,2.532904498026736,1.8147596277100728
2025-10-06,2.5333638955959703,1.8213773156135515
2025-10-07,2.532446133937812,1.814435307565187
2025-10-08,2.5285832520265306,1.8250092262352475
2025-10-09,2.520835844470909,1.819980284818575
2025-10-10,2.464972037680118,1.7706375740853584
2025-10-13,2.4950530138471554,1.7982571684582331
2025-10-14,2.4932466227059646,1.795444106827246
2025-10-15,2.5053935716468194,1.8026725668831565
2025-10-16,2.4872026341823683,1.7913258479329508
2025-10-17,2.50377956626252,1.8007674169352286
2025-10-20,2.530791836776757,1.8199856945524813
2025-10-21,2.52226271932203,1.8200452016254445
2025-10-22,2.516402823957085,1.8103306389780205
2025-10-23,2.527306895371729,1.820880147873141
2025-10-24,2.552790481510187,1.8352695122835043
2025-10-27,2.575676697537354,1.8578250679416843
2025-10-28,2.579777061336681,1.862075667399576
2025-10-29,2.5791430549765217,1.86199452139099
2025-10-30,2.569152593483723,1.8435518148932
2025-10-31,2.588058659335416,1.8483780892055008
2025-11-03,2.584523315675273,1.8515586169078908
2025-11-04,2.568077477279213,1.829827188029596
2025-11-05,2.5612327988017785,1.8365125635792612
2025-11-06,2.550887202076863,1.815983678964795
2025-11-07,2.557303009006897,1.8182751630804308
2025-11-10,2.5854605496256147,1.846278452726425
2025-11-11,2.613287756915072,1.8501101276684453
2025-11-12,2.6206150358573264,1.8512748037949336
2025-11-13,2.5835638966328007,1.820623515374442
2025-11-14,2.5722284551391223,1.819710062012748
2025-11-17,2.5560545059394157,1.8030373940599715
2025-11-18,2.539300375806121,1.7881507299644677
2025-11-19,2.543368048402662,1.7948631541836615
2025-11-20,2.5278196937508826,1.7669220105052188
2025-11-21,2.5473640105756683,1.784278547990519
2025-11-24,2.568373945700276,1.8118763714830413
2025-11-25,2.589973249739745,1.8282950458317064
2025-11-26,2.607938899531677,1.8409225522702797
2025-11-28,2.623988349307528,1.850780274949112
2025-12-01,2.613853760379848,1.8409279620041856
2025-12-02,2.615360245238885,1.845451555107224
2025-12-03,2.638787339206258,1.850950615594778
2025-12-04,2.634733446543584,1.8529502379689629
2025-12-05,2.633955019234094,1.8565387387746837
2025-12-08,2.6199532530389624,1.8500830789989184
2025-12-09,2.617326248462225,1.848461742163948
2025-12-10,2.6411039540417662,1.860938039942619
2025-12-11,2.655892947337023,1.8648075830219797
2025-12-12,2.648789082452895,1.844921928963379
2025-12-15,2.651268674789736,1.8419763948240653
2025-12-16,2.6226637170283342,1.8375852742293537
2025-12-17,2.612114747454538,1.816283721279472
2025-12-18,2.614060724005573,1.830694592680729
2025-12-19,2.632078974570008,1.8468377664343891
2025-12-22,2.640723506601103,1.858724930996252
2025-12-23,2.652301963699547,1.86718285204079
2025-12-24,2.6643049961387284,1.8731979483650605
2025-12-26,2.6662372727117214,1.872627815189287
2025-12-29,2.6580870898648103,1.8660885024550768
2025-12-30,2.657450356824815,1.8635213857997068
2025-12-31,2.645600497506194,1.8498102172985025
2026-01-02,2.666584670055165,1.8533150651457784
2026-01-05,2.695055690559181,1.8650912641902084
2026-01-06,2.695222832754732,1.87664869887328
2026-01-07,2.677744681686595,1.870193171042244
2026-01-08,2.6961891297565765,1.870336331073652
2026-01-09,2.705764436948039,1.8824476697307797
2026-01-12,2.71238386304236,1.8854174817003035
2026-01-13,2.707895526213219,1.8817614251931256
2026-01-14,2.704966022915339,1.871725313240134
2026-01-15,2.714752816048792,1.8765542264470232
2026-01-16,2.7083081451266016,1.8753489113438773
2026-01-20,2.6735657292342325,1.836666543078484
2026-01-21,2.6935131762309106,1.8579493598767904
2026-01-22,2.7121930050360032,1.8681448610629077
2026-01-23,2.715551509648998,1.8687555012706096
2026-01-26,2.729588258273009,1.878110646475125
2026-01-27,2.7157535630426994,1.8857768991432124
2026-01-28,2.723375031372927,1.8856227876992635
2026-01-29,2.7261790562939754,1.8831853727129015
2026-01-30,2.732760661820466,1.8750840982719543
2026-02-02,2.750003006128127,1.8851931756603093
2026-02-03,2.751839055946336,1.869350044221324
2026-02-04,2.756675625536781,1.859867968187118
2026-02-05,2.717762743185186,1.837082696755038
2026-02-06,2.766613380697592,1.8732655040665187
2026-02-09,2.7730737922485296,1.8820531549898485
2026-02-10,2.762312157520462,1.8758353915612065
2026-02-11,2.7628566383723583,1.8757435580295383
2026-02-12,2.7312619453973217,1.846367515418779
2026-02-13,2.724512011893823,1.847289017408968
2026-02-17,2.720330709910379,1.849194167356896
2026-02-18,2.7389213602072595,1.8594869118085868
2026-02-19,2.7299521143829173,1.854239206030556
2026-02-20,2.739611723684165,1.8671071157661112
2026-02-23,2.724767638254215,1.8477159905533331
2026-02-24,2.730754596730074,1.861854000254174
2026-02-25,2.756072371454924,1.8770027065822832
2026-02-26,2.743636600803776,1.8669314973312685
2026-02-27,2.732855688334323,1.8588302228903213
2026-03-02,2.7347318702507493,1.8595706967117616
2026-03-03,2.718973065127857,1.8420088532275016
2026-03-04,2.724265099715638,1.8562955646383856
2026-03-05,2.7012623537981253,1.845813611444723
2026-03-06,2.6812418389364323,1.8213071210175105
2026-03-09,2.694750582033925,1.8364315495154084
2026-03-10,2.696806241976526,1.8325105479915784
2026-03-11,2.7004343268309525,1.8309756349543709
2026-03-12,2.668956367673628,1.8030941302936203
2026-03-13,2.660438032454006,1.7921689747538747
2026-03-16,2.6843202926771004,1.8103252292441192
2026-03-17,2.697930933992341,1.8148406417739336
2026-03-18,2.667674880118223,1.790145074549479
2026-03-19,2.662360774754742,1.7852243278109217
2026-03-20,2.6377414052004253,1.7581992763887613
2026-03-23,2.657346266825247,1.778336285156885
2026-03-24,2.6576964412554704,1.7716807291160657
2026-03-25,2.673807896964067,1.7812816873514687
2026-03-26,2.647563060369739,1.750276391221974
2026-03-27,2.61283203513745,1.7210085432893296
2026-03-30,2.6248580049395294,1.7142178758455962
2026-03-31,2.685907446360587,1.764154997584798
2026-04-01,2.6896154082172745,1.7768013721196767
2026-04-02,2.693863857908169,1.7787929458653675
2026-04-06,2.7074916378379674,1.7866672753717323
2026-04-07,2.714961143646991,1.78802379913478
2026-04-08,2.757155464463354,1.8328699654344875
2026-04-09,2.7744573896964577,1.8441788162473527
2026-04-10,2.7652623103855416,1.8420791797682767
2026-04-13,2.7827698240320795,1.8608191577414244
2026-04-14,2.803771684494199,1.882744941206138
2026-04-15,2.8155161873767955,1.8977613069706505
2026-04-16,2.822215439905164,1.9027143801679127
2026-04-17,2.84723937976839,1.9256239435350957
2026-04-20,2.8453814905159165,1.9210517947716352
2026-04-21,2.8439612260860594,1.908856539266604
2026-04-22,2.86751603475265,1.928823339333791
2026-04-23,2.8660437688090323,1.9208517665618527
2026-04-24,2.8790906044742437,1.9361680426963104
2026-04-27,2.88415893885054,1.938554131182932
2026-04-28,2.8958869273115595,1.9290665134700908
2026-04-29,2.893913616981964,1.928296484029264
2026-04-30,2.920046785716265,1.9480388461117268
2026-05-01,2.919156523657372,1.9537433445429704
2026-05-04,2.90105911986177,1.945806869069054
2026-05-05,2.9180054059107072,1.961606854581523
2026-05-06,2.936935147097202,1.990223423329808
2026-05-07,2.9212093459693613,1.9826544139272944
2026-05-08,2.9218811314830755,1.9993596722282347
2026-05-11,2.918565003542636,2.003118381734892
2026-05-12,2.936634347020352,1.999908166468385
2026-05-13,2.95795078202331,2.011606122288276
2026-05-14,2.9700516548361504,2.0270061833259083
2026-05-15,2.958742332477572,2.0019456569799097
2026-05-18,2.973992496567783,2.000472889910253
2026-05-19,2.9624539773452643,1.9871130902234628
2026-05-20,2.971989010403448,2.008558067094212
2026-05-21,2.9628484636992938,2.0120034078685243
2026-05-22,2.967053938921011,2.0195020907302634
2026-05-26,2.941738294582484,2.031837735427385
2026-05-27,2.944610399318523,2.0321727430953533
2026-05-28,2.951834028984278,2.0438652891813387
2026-05-29,2.943563845231585,2.0483050973812023
2026-06-01,2.947839947971451,2.053682504828242
2026-06-02,2.940460831165177,2.0563360452813746
2026-06-03,2.922991468909373,2.0411766514301832
2026-06-04,2.977822454926512,2.049453544305973
2026-06-05,2.95504464040931,1.995255003641068
2026-06-08,2.952626010761034,2.0011971345299755
2026-06-09,2.947042023585661,1.9960412622836128
2026-06-10,2.927194754487127,1.9637064910605988
2026-06-11,2.9390124006865763,1.998108440359254
2026-06-12,2.956286236194838,2.008149962046152
2026-06-15,2.965934371453449,2.041341450397214
2026-06-16,2.9779114411747942,2.0297380989483087
2026-06-17,2.938202051816438,2.0050802679164645
2026-06-18,2.927353743428378,2.0268277940517474
2026-06-22,2.9124710599813635,2.019318291722197
2026-06-23,2.9222568902156865,1.9903152568614757
2026-06-24,2.897991808446396,1.988358912358537
2026-06-25,2.8666964433717057,1.9881616549880716
2026-06-26,2.88522419730054,1.987223923796166
2026-06-29,2.893527536356411,2.0105739186701137
2026-06-30,2.8864619063914687,2.026498064172956
2026-07-01,2.904419234427336,2.0221394019816787
2026-07-02,2.941822404205009,2.0221421728209963
2026-07-06,2.9432750117079927,2.036785530835471
2026-07-07,2.9789056920707107,2.027711427904596
2026-07-08,2.9620260642376994,2.021998880844859
2026-07-09,2.965654873828427,2.0384636039040878
2026-07-10,2.975430628788412,2.0470431779891403
2026-07-13,2.9914101497808945,2.0308162193323054
2026-07-14,3.0143113957646137,2.0384500135969588
2026-07-15,3.044597358791294,2.0462351484662435
2026-07-16,3.0415969622891628,2.0357964731438263
2026-07-17,3.025245594332928,2.015237900965243
